id,name,created_at,advertisers_entities.id,entities.short_name,countries.name,countries.alpha2,advertisers_platforms.advertiser_platform_ref,advertisers_platforms.advertiser_platform_name,platforms.name
befe3b20-0b7c-4058-b2ee-a8f582ee4e00,Lietuvos lenkų rinkimų akcija,2022-08-16T15:24:29.565Z,804e441e-0a0d-4365-b741-d8f3d6dff019,LLRA,Lithuania,lt,284670842209862,Lietuvos lenkų rinkimų akcija,Facebook
3c5a3d4e-ea21-4003-bd87-0eb818fd9237,Tvarka ir teisingumas,2022-08-16T15:24:29.546Z,4c40ee00-e324-4bf0-800a-1a5a2ff93e46,TT,Lithuania,lt,710021502499530,Tvarka ir teisingumas,Facebook
f6a8c8a0-a0ef-4522-8331-1e84122711cc,Darbo partija,2022-08-16T15:24:29.574Z,691f5919-7bff-456a-92eb-821e946a382b,DP,Lithuania,lt,264116120225,Darbo partija,Facebook
c821131e-0956-44ce-8197-cc1c98e8db64,Lietuvos socialdemokratų partija,2022-08-16T15:24:29.537Z,a4e65028-1462-4e22-849e-4116c9eaef9b,LSDP,Lithuania,lt,202360056491831,Lietuvos socialdemokratų partija,Facebook
a0f555fe-f91b-4e7a-86de-234bf7789f79,Lietuvos Žaliųjų Partija,2022-08-16T15:24:29.621Z,cf4c53ea-6322-4368-a58f-80bea832df56,LZP,Lithuania,lt,300771660032648,Lietuvos Žaliųjų Partija,Facebook
05f025f4-3e52-47f6-850c-e00d7977b0dd,Lietuvos sarašas,2022-08-16T15:24:29.656Z,7b339b54-7b52-466f-994b-88995cabdc3f,LS,Lithuania,lt,338787176309182,Lietuvos sarašas,Facebook
96b96dcf-1e68-429a-a619-e7e6ad95b73e,Lietuvos centro partija,2022-08-16T15:24:29.647Z,644b20ec-48cf-4aa8-9850-910f0a2fcce9,LCP,Lithuania,lt,102161476501915,Lietuvos centro partija,Facebook
0dde25a7-84d2-432d-b5fb-cb81d641b04c,Liberalų sąjūdis,2022-08-16T15:24:29.542Z,e5d4e5b8-b2d7-45e5-8103-34c26e87efce,LRLS,Lithuania,lt,81004804444,Liberalų sąjūdis,Facebook
f8430a17-9f52-4165-95d5-66acaea115ec,Lietuvos valstiečių ir žaliųjų sąjunga,2022-08-16T15:24:29.530Z,0973ceb4-6de2-4150-9dc7-df3681f2a246,LVZS,Lithuania,lt,190209177745566,Lietuvos valstiečių ir žaliųjų sąjunga,Facebook
412b7b65-dbdf-49f9-a570-363180e6b5c9,Tėvynės sąjunga - Lietuvos krikščionys demokratai,2022-08-16T15:24:29.533Z,e991650e-07b9-4702-870d-438c4a4d8f5b,TSLKD,Lithuania,lt,198988713464683,Tėvynės sąjunga - Lietuvos krikščionys demokratai,Facebook
00aa79db-5f56-4d26-8fd2-b725f962782f,Jurijus Martinaitis Nr. 11 LSDP Klaipėdos skyrius,2023-02-14T10:53:21.281Z,9f7901c2-ebb0-425c-b189-21e539b01ba5,LSDP,Lithuania,lt,100269646305826,Jurijus Martinaitis Nr. 11 LSDP Klaipėdos skyrius,Facebook
6169c7a7-9386-4b05-bc32-81897210dc76,Robert Duchnevič,2023-02-09T06:27:49.165Z,5ca2c038-d01a-4128-bfbc-2e8c076c5b80,LSDP,Lithuania,lt,101403114949853,Robert Duchnevič,Facebook
f46f9c31-a5a5-4304-9be1-142cab7738ff,LSDP Mažeikių skyrius,2023-02-08T05:55:42.918Z,0dbea92c-cd27-4a32-84de-c626065887bd,LSDP,Lithuania,lt,1522618701317384,LSDP Mažeikių skyrius,Facebook
af4aa0a4-8555-4e53-85dc-bd64930d32ba,Rokiškio Socialdemokratai,2023-02-07T15:05:00.954Z,c569a6c7-40bb-4481-b2fc-2a3c4b092557,LSDP,Lithuania,lt,1483397575267215,Rokiškio Socialdemokratai,Facebook
aed2d069-11fd-4dc5-98de-b3ff055759bc,LSDP Lazdijų rajono skyrius,2023-02-07T15:05:01.614Z,57cdc5f3-f0ec-4a99-9fef-35c771eae93c,LSDP,Lithuania,lt,151687831709227,LSDP Lazdijų rajono skyrius,Facebook
8fd504ef-fc4a-4e2e-bcac-acedfeb35ebf,LSDP Šilutės rajono skyrius,2023-02-14T10:53:21.445Z,6ff87190-dbb3-4bf0-a918-cbe2f8d94cfe,LSDP,Lithuania,lt,1723029371256787,LSDP Šilutės rajono skyrius,Facebook
f47b2587-e0ee-4000-bb83-fa082705a5be,Povilas Saulevičius,2023-02-07T15:05:01.274Z,088ccbe7-a3ef-45ec-b50a-908153ff451a,LSDP,Lithuania,lt,1613353545554733,Povilas Saulevičius,Facebook
03d442e6-d1ca-4d08-a71b-7a135034d9a8,LSDP Plungės skyrius,2023-02-08T05:55:42.925Z,42b599dd-be46-4d61-9993-25b194eae2cc,LSDP,Lithuania,lt,589156751262311,LSDP Plungės skyrius,Facebook
7036df24-8c78-46d4-8e05-761f5128768c,LSDP Utena,2023-02-07T15:04:59.963Z,c2268a3d-1a90-49ea-8dff-f77bec80f1e5,LSDP,Lithuania,lt,1412305759075666,LSDP Utena,Facebook
59656fac-4a42-4258-83fc-93931dbdc523,Socialdemokratai Jonavoje,2023-02-08T05:55:42.828Z,b686c5b2-03d8-4273-8145-4bd4db5050a8,LSDP,Lithuania,lt,114024051975772,Socialdemokratai Jonavoje,Facebook
48973239-a7d2-4e81-b120-4b2970005f6e,Demokratai „Vardan Lietuvos“ Kėdainiai,2023-02-07T15:05:00.311Z,74cf939d-b778-445a-bcda-57b79a26676e,DSVL,Lithuania,lt,104960398848422,Demokratai „Vardan Lietuvos“ Kėdainiai,Facebook
e1ce2903-3272-4f8c-ac54-57fd48052f35,TS-LKD Utena,2023-02-07T15:05:00.457Z,1504a3aa-c881-48f7-ae67-3f8532614a15,TSLKD,Lithuania,lt,114200538647103,TS-LKD Utena,Facebook
65397a72-485b-4ed0-8147-8022e67b2fa6,LSDP Vilnius,2023-02-08T05:55:42.716Z,97e1325d-7038-4aa4-a8a2-be469e279b1b,LSDP,Lithuania,lt,324139520360,LSDP Vilnius,Facebook
5eb8418b-1778-4651-a5a6-707ca88c3586,TS-LKD Kaunas,2023-02-07T15:05:01.577Z,1359ed5b-e032-4d9c-a78e-085cf803d742,TSLKD,Lithuania,lt,111410118181,TS-LKD Kaunas,Facebook
3f6aa385-e340-4d97-b3c2-7a37fc8650ad,Ts-Lkd Prienų raj. skyrius,2023-02-07T15:05:02.178Z,f71bfe58-0e38-4533-b861-d78a8047792b,TSLKD,Lithuania,lt,243666885770562,Ts-Lkd Prienų raj. skyrius,Facebook
71566ce9-c834-4724-ac5d-cbf9921f4132,TS-LKD Vilkaviškio skyrius,2023-02-07T15:05:01.864Z,6375e842-0625-4009-a937-ddec98f221ba,TSLKD,Lithuania,lt,915886448455481,TS-LKD Vilkaviškio skyrius,Facebook
f43f8c7d-1475-4fc7-ab29-111179d4ba86,Robertas Šarknickas,2023-02-07T15:05:01.828Z,11f01b35-5b77-4789-8f31-f59b2a6cbc50,LVZS,Lithuania,lt,880209082011396,Robertas Šarknickas,Facebook
04228785-1637-4c4c-ba5e-0aa27f8fda99,LVŽS Šilutė,2023-02-07T15:05:01.962Z,090ee850-bfbe-4219-8b2f-0cf2f124af35,LVZS,Lithuania,lt,113482588727306,LVŽS Šilutė,Facebook
4bc2d1d2-2bd8-4623-876b-ee9df320821e,LVŽS Pagėgių skyrius,2023-02-08T05:55:42.943Z,81f446df-68d3-4334-a89c-15123a6a5a89,LVZS,Lithuania,lt,112822955462271,LVŽS Pagėgių skyrius,Facebook
03ec1da0-e160-4229-8015-32779c3693e1,Demokratai “Vardan Lietuvos” Alytaus rajono skyrius,2023-02-07T15:05:01.238Z,1ff73202-0aa7-4505-9204-c02550f53833,DSVL,Lithuania,lt,113237011401900,Demokratai “Vardan Lietuvos” Alytaus rajono skyrius,Facebook
f3e75483-ee80-4320-8fe5-b213edb55626,TS-LKD Alytaus miesto skyrius,2023-02-08T05:55:42.716Z,150e01a1-9a4f-44d7-9333-46c7a5f91843,TSLKD,Lithuania,lt,197124423631782,TS-LKD Alytaus miesto skyrius,Facebook
c4691082-0d28-49a8-b5f9-3a45eb879b01,"Demokratų sąjungos „Vardan Lietuvos"" Telšių rajono skyrius",2023-02-07T15:05:01.639Z,5370eeee-adb3-48f4-91fd-a9ac2798861f,DSVL,Lithuania,lt,100100179586668,"Demokratų sąjungos „Vardan Lietuvos"" Telšių rajono skyrius",Facebook
0714b0b7-00f2-4e42-aa04-abf938646cfa,LVŽS Palangos skyrius,2023-02-07T15:05:00.485Z,3e2aead8-eb0b-4e40-84e6-3cb7b096d7fe,LVZS,Lithuania,lt,244477252911137,LVŽS Palangos skyrius,Facebook
d2017555-f485-4935-9e82-ef5626b92967,LVŽS Lazdijų r. skyrius,2023-02-07T15:05:01.913Z,88bf61da-ea9f-4ec5-8101-bfc31b9f5154,LVZS,Lithuania,lt,112079431638014,LVŽS Lazdijų r. skyrius,Facebook
5de4f93d-458e-4bb8-b1de-a66e1a6f5f2d,Demokratai „Vardan Lietuvos“ Utenos skyrius,2023-02-07T15:05:01.797Z,3d77b349-e2c1-4e65-aed0-781ec18e92dd,DSVL,Lithuania,lt,113752637970455,Demokratai „Vardan Lietuvos“ Utenos skyrius,Facebook
66802063-0f1d-4d82-b7d3-7ab63ab79072,LVŽS Kretingos rajono skyrius,2023-02-07T15:05:02.049Z,b7955a79-e934-46ce-8fda-0907fb63f162,LVZS,Lithuania,lt,106574585571371,LVŽS Kretingos rajono skyrius,Facebook
52ad3df8-a4b1-444c-b6c4-23324a82353e,LVŽS Šiauliai,2023-02-07T15:05:01.741Z,18574034-d24f-4023-85b3-ec5f0051cc78,LVZS,Lithuania,lt,197283550301778,LVŽS Šiauliai,Facebook
1fa63955-4d5e-4f70-b9eb-6b39c9bf9bc8,Kasdien už Klaipėdą,2023-02-07T15:05:01.098Z,8292bb74-6c85-42c4-9bc2-8a99ac04f4f4,DSVL,Lithuania,lt,107788202185457,Kasdien už Klaipėdą,Facebook
f9fb6ce5-20f5-42b8-8923-1a8c21946b77,Mockūnas Jonas,2023-02-07T15:05:01.590Z,e7235349-9c85-4735-81ed-2299fcb07091,DSVL,Lithuania,lt,100747902910936,Mockūnas Jonas,Facebook
70054988-e7b8-4401-bf22-257e270e69dc,"Demokratai „Vardan Lietuvos"" Lazdijų skyrius",2023-02-08T05:55:42.945Z,8e38472f-e50a-4adb-8a49-fc1de5820ddf,DSVL,Lithuania,lt,109531561888144,"Demokratai „Vardan Lietuvos"" Lazdijų skyrius",Facebook
f120853c-e2d4-4a6c-9eec-9373af8ef82d,LVŽS Šiaulių rajono skyrius,2023-02-07T15:05:01.549Z,2bce9a0a-e40f-4f91-899c-792af320630b,LVZS,Lithuania,lt,157662260954655,LVŽS Šiaulių rajono skyrius,Facebook
e0f9bb78-0781-4839-99d7-93c8c318b566,"Demokratai ""Vardan Lietuvos"" Kauno rajono skyrius",2023-02-10T10:53:28.091Z,6f7b1078-66ea-4673-95a2-db602c1f52ce,DSVL,Lithuania,lt,103892295771440,"Demokratai ""Vardan Lietuvos"" Kauno rajono skyrius",Facebook
1897d47a-b2a9-4c2f-be7f-0466f79476d8,"Plungės Demokratai ""Vardan Lietuvos""",2023-02-09T06:27:49.288Z,3c713889-ea0d-4ff5-9794-9d6a727616c8,DSVL,Lithuania,lt,106918585332122,"Plungės Demokratai ""Vardan Lietuvos""",Facebook
c715f6bf-979e-4608-8d60-e5ce6868778d,Darius Gonsiauskas,2023-02-13T10:53:29.003Z,b1a5c4aa-92c0-4352-9598-cb2812a739c2,DSVL,Lithuania,lt,113156431608671,Darius Gonsiauskas,Facebook
751369a4-ff08-4389-8429-28e4b43155f5,,2023-02-07T15:05:01.006Z,4f737b0b-2e71-4e77-944b-deff4d0b2367,DSVL,Lithuania,lt,113272641356689,,Facebook
de6454bb-d813-4310-b836-4bd07d4aa60a,Lukas Savickas,2023-02-07T15:04:59.853Z,002acab9-8444-4828-9807-bad63b97c7d1,DSVL,Lithuania,lt,100263748441271,Lukas Savickas,Facebook
d1b3e7e7-970e-4024-a0f4-75ca0ecd5a27,Socialdemokratų partijos Telšių skyrius,2023-02-11T10:53:06.204Z,c95644b3-859d-431a-8e3a-fcbbc722b9fc,LSDP,Lithuania,lt,1502298690023612,Socialdemokratų partijos Telšių skyrius,Facebook
f9eed1e7-697c-4031-acde-ef25c0f9b269,Rasa Budbergytė,2023-02-08T05:55:42.765Z,334ba82e-271a-4082-852f-adafae0211d2,LSDP,Lithuania,lt,494308010764451,Rasa Budbergytė,Facebook
68f3556d-06e2-4b9c-b8a9-3bc09c15db70,Viktoras Fiodorovas,2023-02-07T15:05:00.456Z,26f3f69e-f199-4ca6-9f06-008074ac369b,DP,Lithuania,lt,174772099242581,Viktoras Fiodorovas,Facebook
218442ae-82eb-400e-9f2c-7bdc94ffc06e,Arvydas Cesiulis,2023-02-12T10:53:11.958Z,f0af6183-8ad7-43b7-b009-374936321787,LSDP,Lithuania,lt,101342806212588,Arvydas Cesiulis,Facebook
73fb150a-f852-4213-b599-7dfc9b6d6ce3,Darbo partija Marijampolė,2023-02-12T10:53:11.724Z,ea717527-1bd7-4781-899c-b7cf1eb99cfc,DP,Lithuania,lt,719180131490579,Darbo partija Marijampolė,Facebook
0c82624b-050d-4277-8732-37c74a52e437,Darbo Partija Akmenė,2023-02-08T05:55:42.932Z,f1e83a6d-2b94-4303-a1a8-180453c1c889,DP,Lithuania,lt,1575814346081819,Darbo Partija Akmenė,Facebook
00d65a62-514d-40ea-b513-c37b25bb3b7d,Adomas Zamulskis,2023-02-07T15:05:00.588Z,321c168b-4ecd-48ed-a00b-91c28cdc6092,TSLKD,Lithuania,lt,115030684786210,Adomas Zamulskis,Facebook
0ee0f926-5df7-4374-8719-fd630b9c1fc9,Ieva Kačinskaitė-Urbonienė,2023-02-11T10:53:05.748Z,5f0ce90e-183d-4451-b4e1-32b40a232aa7,DP,Lithuania,lt,185802948122130,Ieva Kačinskaitė-Urbonienė,Facebook
0dce8e80-82f0-49e5-b1d5-2ad0e6ad65c6,Tėvynės sąjunga - Lietuvos krikščionys demokratai - Palangos skyrius,2023-02-07T15:05:00.737Z,912cacfa-00c7-44e4-9c07-d9662e9ca26a,TSLKD,Lithuania,lt,101417576180536,Tėvynės sąjunga - Lietuvos krikščionys demokratai - Palangos skyrius,Facebook
ee74e21d-fdde-41ed-af06-5f6cdcfc55d5,Darbo partija Klaipėdos skyrius,2023-02-07T15:05:00.342Z,2d3a9a60-8c16-4ee6-8ad7-2d28a9ea3d94,DP,Lithuania,lt,107086738928279,Darbo partija Klaipėdos skyrius,Facebook
5cb04ecd-f9af-489f-bc8f-08de6255d265,Vaida Pituškienė,2023-02-07T15:05:01.813Z,5ed9bc2b-5e6d-4203-89f7-5226fa6090fe,TSLKD,Lithuania,lt,101411182715928,Vaida Pituškienė,Facebook
7a3ed389-1987-4759-b37d-915fa4fd7638,Nerijus Gedeika,2023-02-12T10:53:11.649Z,cbfc9d0a-bf5f-4867-99e1-dcc468729846,TSLKD,Lithuania,lt,100242001821538,Nerijus Gedeika,Facebook
4f45d1a9-f626-4122-ba14-2bcd9514766a,Tėvynės sąjunga - Lietuvos krikščionys demokratai Raseinių skyrius,2023-02-07T15:04:59.929Z,b2c07d6c-673b-4ecf-a52b-3c4488143e20,TSLKD,Lithuania,lt,603554243030343,Tėvynės sąjunga - Lietuvos krikščionys demokratai Raseinių skyrius,Facebook
dbc60f58-0d89-45c2-b7db-0cda71e1c31c,Šakių valstiečiai ir žalieji,2023-02-07T15:05:02.183Z,0dc82894-53a1-4381-8102-3c8f3678bba5,LVZS,Lithuania,lt,154104627980740,Šakių valstiečiai ir žalieji,Facebook
56a363a6-1273-47dc-80f8-b62de35999a6,Telšių valstiečiai ir žalieji,2023-02-08T05:55:42.926Z,d8cba5b8-ae06-459e-bf25-c131b4e6ed8f,LVZS,Lithuania,lt,441636559696894,Telšių valstiečiai ir žalieji,Facebook
db188248-a204-432b-b50e-fbfda15e7126,Žmogus - Žmogui,2023-02-07T15:05:00.342Z,88c66eb0-0cfa-410a-958d-2186e6492230,LVZS,Lithuania,lt,100604889531306,Žmogus - Žmogui,Facebook
9f703bdd-3f70-4887-894c-61970dd29624,Bronius Markauskas,2023-02-07T15:05:01.608Z,c56cd719-9777-4dec-88d3-8d791c1c6dd7,LVZS,Lithuania,lt,105659461367214,Bronius Markauskas,Facebook
aa2d4119-1ff4-4215-b452-b07162300d09,Lietuvos valstiečių ir žaliųjų sąjunga - Klaipėdos rajono skyrius,2023-02-08T05:55:42.794Z,7254d903-36cb-4d88-abfe-fa841011e31e,LVZS,Lithuania,lt,168732847154734,Lietuvos valstiečių ir žaliųjų sąjunga - Klaipėdos rajono skyrius,Facebook
1344acb4-9fc4-433d-a3c4-b4f990167f59,Radviliškio Liberalai,2023-02-07T15:05:01.776Z,3ad76f5f-90f3-49d0-a1a8-84b9f43ae248,LRLS,Lithuania,lt,446838702022301,Radviliškio Liberalai,Facebook
5feb65ae-f174-4a3c-8a58-788c1ac976cd,Visaginas gali daugiau,2023-02-07T15:05:01.763Z,b44fcf5b-27b4-4a09-bbed-68205f19bb69,LRLS,Lithuania,lt,332240937383574,Visaginas gali daugiau,Facebook
63c59a1e-3bd4-4eaa-9246-6b5560a6f4f1,Pakruojo liberalai,2023-02-07T15:05:01.008Z,733b3809-bcdf-41f7-865d-7b97f9a5db73,LRLS,Lithuania,lt,168391723359276,Pakruojo liberalai,Facebook
01c505a2-086c-4a3d-9609-68030a2d9872,Jevgenij Shuklin,2023-02-07T15:05:01.799Z,fed3198c-42bd-4293-a6e3-1ebed36c3e18,LRLS,Lithuania,lt,1535463576688341,Jevgenij Shuklin,Facebook
8c6c5d65-caf0-4205-bd5b-c53e202198b5,Laimutė Jančiukienė,2023-02-07T15:05:01.994Z,78575fa2-bbd5-4e04-ab93-e9c5ea09274c,LVZS,Lithuania,lt,114789731493498,Laimutė Jančiukienė,Facebook
54b6e556-2404-4cbb-b544-11c39735f71f,Liberalų Sąjūdis Molėtų skyrius,2023-02-07T15:05:01.669Z,630d3a84-8366-47a5-a9f3-4a497648a777,LRLS,Lithuania,lt,100524364968293,Liberalų Sąjūdis Molėtų skyrius,Facebook
6422e714-1681-4fe2-ba48-61850fd5d398,Justinas Pranys,2023-02-07T15:05:01.311Z,aa6ac782-b7fb-46a5-bcbf-1a0eaf4fa0c6,LRLS,Lithuania,lt,106210512306571,Justinas Pranys,Facebook
a7b86d61-3090-4846-96f0-2a6e0ec4ab29,Lietuvos regionų partija Birštono skyrius,2023-02-07T15:05:01.989Z,e9e4e22c-ab67-4e0b-8403-0137514d7411,OTHER,Lithuania,lt,103232229301251,Lietuvos regionų partija Birštono skyrius,Facebook
11201f64-e07b-4a1c-93cb-5b4cb0e6b313,Helmanas Lik,2023-02-07T15:05:02.045Z,bceb1db7-91d7-4a5b-8f86-08ef35ce98a2,OTHER,Lithuania,lt,108133081117039,Helmanas Lik,Facebook
e3d02424-1ccc-4cab-9c5b-f63e7d530c0f,Mykolas Majauskas,2023-02-07T15:04:59.786Z,7b96c5b6-2e80-41a5-83bd-f478ac121747,OTHER,Lithuania,lt,1557796401104405,Mykolas Majauskas,Facebook
e40d91f9-806f-4c51-a324-5ac15cfcb608,Tomas Vytautas Raskevičius,2023-02-07T15:04:59.835Z,b0f27c9a-eb5a-43e3-a3e7-d51ab0ce82ba,LP,Lithuania,lt,790530451326497,Tomas Vytautas Raskevičius,Facebook
b1b65685-47c2-4c52-b71b-0a7c946b961b,Laisvės partija,2023-02-07T15:05:00.406Z,ff5ef934-3057-41c3-83cd-a97fba0650ba,LP,Lithuania,lt,393195034595433,Laisvės partija,Facebook
d17fb90e-ce4e-4b1e-9bde-395ffade4d81,Laisvės partijos Vilniaus rajono skyrius,2023-02-07T15:05:01.717Z,13eaa6d7-472a-44cb-825b-259eab90c899,LP,Lithuania,lt,102706758433221,Laisvės partijos Vilniaus rajono skyrius,Facebook
0cd0ecf1-8440-4e8e-9f5e-9eaba00bd974,Laisvės Partija Kėdainiai,2023-02-08T05:55:42.785Z,b26510db-8f42-460b-bd94-b4fba27874f8,LP,Lithuania,lt,100617808795909,Laisvės Partija Kėdainiai,Facebook
7d9649a2-3ed8-4217-afc2-30601079acd7,Laisvės partijos Šiaulių skyrius,2023-02-07T15:05:01.560Z,62deb182-a0c6-4d2c-a66e-3e4e13083697,LP,Lithuania,lt,105807648218734,Laisvės partijos Šiaulių skyrius,Facebook
ca3ff8f6-782c-43c7-b38e-d919a55258b1,Rokas Garliauskas,2023-02-14T10:53:21.446Z,70717c87-a0e8-44f9-9db2-5df222d3641f,LP,Lithuania,lt,1986070164949598,Rokas Garliauskas,Facebook
637abfc6-731d-44d3-b41a-0179ba2df167,Laisvės partijos Klaipėdos skyrius,2023-02-07T15:05:01.813Z,a34b7fbd-e99e-4e63-95cf-c1116ca9f6dc,LP,Lithuania,lt,100835765292939,Laisvės partijos Klaipėdos skyrius,Facebook
1834f501-609f-4bdf-b012-e96fea5d41a3,Remigijus Lapinskas,2023-02-07T15:04:59.954Z,1f9ffd1f-46b3-4e82-8da2-c1408b2daf34,OTHER,Lithuania,lt,107927550729313,Remigijus Lapinskas,Facebook
d4115d9f-b54b-4ac1-81dd-dc2ef90a1092,Zuokas,2023-02-07T15:04:59.998Z,9882b5b0-355b-42e7-a877-2f7d09c2750d,OTHER,Lithuania,lt,150259975018869,Zuokas,Facebook
b2abeb5c-72da-4a34-acec-8feb4b37348c,Dr. Erika Godlevska,2023-02-07T15:05:00.233Z,d4d7be84-bb35-42b1-9820-87bdb91824aa,LRLS,Lithuania,lt,104934422419589,Dr. Erika Godlevska,Facebook
a18675ab-f101-4d00-8153-a505ff0977bb,Jonas Vitkauskas. Kandidatodienorastis.lt,2023-02-14T10:53:21.451Z,63af4479-438a-4669-819d-4d40c6bf8460,LRLS,Lithuania,lt,111477771835103,Jonas Vitkauskas. Kandidatodienorastis.lt,Facebook
8612e1c6-86fc-4eee-800f-21ee88e76bba,Active Youth Projects,2023-06-29T05:42:30.734Z,9844d09e-c30e-4028-952e-bf5a78a1ca64,DSVL,Lithuania,lt,236634919854187,Active Youth Projects,Facebook
6b93d493-ab9e-4c1d-b620-e902d3827bb5,15min,2023-09-30T05:06:55.385Z,a5d2ba3d-5457-49f9-8436-6432eed57b48,DSVL,Lithuania,lt,40711908859,15min,Facebook
da4d6b14-7ce8-43c5-979a-e5bd515213c3,Saulius Skvernelis,2023-03-08T16:01:46.980Z,5c10ead6-fba4-4c24-a76e-25b8e85f0833,DSVL,Lithuania,lt,814777171988967,Saulius Skvernelis,Facebook
cdfe7d12-93bc-471b-a297-1f2511a8387f,"Demokratų sąjunga „Vardan Lietuvos“, Jurbarko skyrius",2023-02-26T10:53:28.364Z,44c6dcf5-8e5b-4cce-b351-89c0e8e70383,DSVL,Lithuania,lt,106573748708049,"Demokratų sąjunga „Vardan Lietuvos“, Jurbarko skyrius",Facebook
99eb2f1e-571f-4a0a-851c-0c8e7198abaa,"Demokratai ""Vardan Lietuvos"" Visagino skyrius",2023-02-28T10:53:30.659Z,3ca57710-8cd2-4ff3-a549-9acf283b7c07,DSVL,Lithuania,lt,102764809396002,"Demokratai ""Vardan Lietuvos"" Visagino skyrius",Facebook
e109c260-061f-422a-91fa-008021e9ab00,"Demokratų sąjunga ""Vardan Lietuvos"" Raseinių skyrius",2023-02-28T10:53:30.866Z,4eda0c2d-5b2e-4f46-bffd-3f50ffcd64f8,DSVL,Lithuania,lt,114867401499871,"Demokratų sąjunga ""Vardan Lietuvos"" Raseinių skyrius",Facebook
b1357f92-8ce8-4be1-809f-13eaaac38ebf,"Panevėžio rajono demokratai ""Vardan Lietuvos""",2023-02-24T10:53:23.181Z,1d6aacca-b3b5-4135-8423-6e23ce4cfcfb,DSVL,Lithuania,lt,107598825261243,"Panevėžio rajono demokratai ""Vardan Lietuvos""",Facebook
7bea19ad-7812-4e3a-88ac-339349a9c6f7,"Demokratų sąjungos ""Vardan Lietuvos"" Panevėžio skyrius",2023-02-27T10:53:24.329Z,3aaff099-462d-48e8-bb7e-18fd4c8d0d37,DSVL,Lithuania,lt,103438122372215,"Demokratų sąjungos ""Vardan Lietuvos"" Panevėžio skyrius",Facebook
f9573846-caa0-4765-841f-dc5c56076b76,Demokratų sąjungos „Vardan Lietuvos“ Druskininkų skyrius,2023-02-28T10:53:30.746Z,fb13f8e9-7c18-4021-9c44-ed27bdfb69a0,DSVL,Lithuania,lt,101913269175888,Demokratų sąjungos „Vardan Lietuvos“ Druskininkų skyrius,Facebook
85d2ddc7-f816-40da-85a3-306bd900c678,Justas Truncė,2023-02-17T10:53:09.420Z,3fc85dd2-d996-4303-bece-139a0be340b6,DSVL,Lithuania,lt,715819435207903,Justas Truncė,Facebook
517ea6ab-1386-4eb5-b6f2-31249e58dca9,Mindaugas Tarnauskas,2023-02-17T10:53:09.580Z,5ca9938f-58ff-44b6-b1fb-b8349e836f0e,LP,Lithuania,lt,602524153225555,Mindaugas Tarnauskas,Facebook
f299602c-f3b1-4c5b-9836-6322a0d1a4ad,Demokratai „Vardan Lietuvos“,2023-02-16T10:53:18.603Z,801f8305-5748-46c5-858b-e019d66e3105,DSVL,Lithuania,lt,110105941453094,Demokratai „Vardan Lietuvos“,Facebook
83d300c1-0f4f-46c1-9e6d-0a7d768a0a1c,Kretingos Skyrius demokratai Vardan Lietuvos,2023-02-25T10:53:25.896Z,e2df2475-a828-4a08-8848-1f7cabf64e71,DSVL,Lithuania,lt,108518065489236,Kretingos Skyrius demokratai Vardan Lietuvos,Facebook
0d7be60b-88df-4a57-abed-48d91a377538,Edita Gudišauskienė,2023-02-19T10:53:34.181Z,0c175821-a7f0-45c9-979f-630608ea697b,DSVL,Lithuania,lt,1671402379791879,Edita Gudišauskienė,Facebook
5a801cb7-c75e-4431-8819-6b284733c77d,"Demokratai ""Vardan Lietuvos"" Mažeikių skyrius",2023-03-06T10:53:22.980Z,2c19d91c-b03b-456c-8501-7060db1a73c0,DSVL,Lithuania,lt,106617055352233,"Demokratai ""Vardan Lietuvos"" Mažeikių skyrius",Facebook
f4c22fdf-68e3-4131-8fb8-b055399e0786,"Marijampolės demokratai ""Vardan Lietuvos""",2023-02-27T10:53:24.291Z,5f347007-747f-4de9-b292-192af5d1982d,DSVL,Lithuania,lt,101913795834797,"Marijampolės demokratai ""Vardan Lietuvos""",Facebook
253aee04-dd59-4cf1-9986-a063f4e3b593,Demokratų sąjungos „Vardan Lietuvos“ Kelmės rajono skyrius,2023-02-19T10:53:34.171Z,d7555dbc-bb11-4270-89da-d7ad6d6cf0bb,DSVL,Lithuania,lt,100593379530279,Demokratų sąjungos „Vardan Lietuvos“ Kelmės rajono skyrius,Facebook
928f510b-176d-462e-91e4-ae24dba6657f,Raivydas Rakauskas,2023-02-21T10:53:17.428Z,d3c04cab-f9d1-4317-9a0f-659528480b55,LP,Lithuania,lt,103957175922837,Raivydas Rakauskas,Facebook
e6b2c2a5-18cb-43ce-9a9d-4fb909b37df1,Lietuvos valstiečių ir žaliųjų sąjungos Ignalinos skyrius,2023-02-27T10:53:24.329Z,526a8fa9-f4b1-4d90-890b-46e1c6f38656,LVZS,Lithuania,lt,109410628231343,Lietuvos valstiečių ir žaliųjų sąjungos Ignalinos skyrius,Facebook
a37abc33-d6dc-48d1-bae4-b8a127ddbc07,Laisvės partija Kaunas,2023-02-17T10:53:09.527Z,66959e86-0428-4bd5-b28a-e838fecb6d97,LP,Lithuania,lt,100210614736404,Laisvės partija Kaunas,Facebook
9d91c40a-e3f6-4d73-ad0c-ab1a344724eb,Eimantas Salatka,2023-03-04T10:53:28.457Z,19c27898-ddae-4263-bb3c-249c804aebdd,LVZS,Lithuania,lt,115511964743703,Eimantas Salatka,Facebook
ee2b4e11-3e27-4b4f-8046-0f95b1f27c69,Dalius Bučinskas,2023-02-28T10:53:30.888Z,7ba1925f-9605-4543-a71a-0c4e6e1eb67b,LP,Lithuania,lt,104377479235393,Dalius Bučinskas,Facebook
af51c603-b0b8-4662-b2f2-c35221fe148b,Švenčionių valstiečiai ir žalieji,2023-03-05T10:53:30.932Z,a7c92f3f-63b7-4d3b-ac7c-afd642dafc0b,LVZS,Lithuania,lt,174084509296890,Švenčionių valstiečiai ir žalieji,Facebook
99570add-b843-49d4-8bda-2c21de8759d0,,2023-02-17T10:53:09.631Z,56548f8c-8b71-4cd7-b31d-07cca0e8932b,LVZS,Lithuania,lt,563822830801705,,Facebook
5ef43fd1-91b7-43f1-8bd2-12dbfbaf8f7c,Lietuvos valstiečių ir žaliųjų sąjunga Kaišiadorių skyrius,2023-02-25T10:53:26.070Z,87abdaac-477e-469e-8100-c72059085047,LVZS,Lithuania,lt,353712275236850,Lietuvos valstiečių ir žaliųjų sąjunga Kaišiadorių skyrius,Facebook
81a88648-008b-4cda-b2c8-2b5050d6ef99,Gerardas Sokolovas,2023-02-19T10:53:34.055Z,602b7638-2ad0-49e1-b182-776297aa64f5,TSLKD,Lithuania,lt,218384881507242,Gerardas Sokolovas,Facebook
61e9de1d-5f94-4c37-9154-31ce532ea3fa,Jadvyga Dunauskaitė,2023-02-19T10:53:34.023Z,fc5293aa-9367-4975-bc94-5a21ae319f71,TSLKD,Lithuania,lt,101635742851569,Jadvyga Dunauskaitė,Facebook
d3bf75fc-6a10-41fd-ac1e-7cdb00e465a2,,2023-08-06T05:07:33.122Z,422e491a-bff2-4fda-90e8-6367e47b8092,LVZS,Lithuania,lt,109903418774342,,Facebook
7e45c0b5-bc4f-48c5-a505-98ce0c81ddf1,Jurgita Sejonienė,2023-02-19T10:53:34.023Z,fec150c1-b461-4f5d-b4d8-e2e70aec9540,TSLKD,Lithuania,lt,107823617763952,Jurgita Sejonienė,Facebook
6326bc76-4d9d-4b63-88c3-6091b24d132a,TS-LKD Kauno rajonas,2023-02-28T10:53:30.695Z,12a6ce1a-ee80-47fa-af6d-ad8614ae4628,TSLKD,Lithuania,lt,204348646367759,TS-LKD Kauno rajonas,Facebook
f5e5b816-57e7-48a9-b680-c2f7807ccccb,Virginija Eičienė,2023-03-04T10:53:28.673Z,ad9558f4-7863-4960-b385-58af9f7ddc7d,LVZS,Lithuania,lt,385999798625946,Virginija Eičienė,Facebook
659d430f-837e-4de8-8e11-abb2016942a1,Arvydas Nekrošius,2023-03-08T17:56:26.613Z,01ef0eb7-a52f-4256-a40b-f83e62294a8d,LVZS,Lithuania,lt,222524731253670,Arvydas Nekrošius,Facebook
e91fe4c2-787d-4a96-8963-76a84103b17b,Lietuvos valstiečių ir žaliųjų sąjunga - Kalvarijos skyrius,2023-02-25T10:53:26.159Z,e7abb3e7-41a2-4ca0-b326-a026587766bc,LVZS,Lithuania,lt,110542735292276,Lietuvos valstiečių ir žaliųjų sąjunga - Kalvarijos skyrius,Facebook
69c8c78b-4320-477d-a69b-46d01f48757a,Kėdainių valstiečiai ir žalieji,2023-02-27T10:53:24.234Z,ce2015d0-c060-4000-9953-87ba3697b3ce,LVZS,Lithuania,lt,132781660125209,Kėdainių valstiečiai ir žalieji,Facebook
8df7d92f-433f-4f70-a1e7-5337645cd8ad,Vytautas Tamašauskas,2023-03-08T20:15:28.427Z,c3b69297-f309-432f-b328-803ced5962bf,TSLKD,Lithuania,lt,104865585831422,Vytautas Tamašauskas,Facebook
01ef8070-06b4-445f-8a5f-858e2a4a717d,TS - LKD Klaipėdos rajono skyrius,2023-02-25T10:53:26.186Z,187441b5-a4df-4d9b-be74-0ef9da9af9db,TSLKD,Lithuania,lt,665144230585217,TS - LKD Klaipėdos rajono skyrius,Facebook
3afd6fbb-ba97-405d-869f-8d2d23590fe8,Už Astą Zavadskienę,2023-02-20T10:53:21.589Z,abf2f596-ec72-44f8-9d05-f7ff5603a78c,TSLKD,Lithuania,lt,114376238224676,Už Astą Zavadskienę,Facebook
09e4f69a-b27a-4278-b52b-04edb901c4cc,Kazimieras Algirdas Budrys,2023-03-05T10:53:30.548Z,6102ae3f-0bcd-46be-8be6-28eccaedb3cb,TSLKD,Lithuania,lt,116042661394560,Kazimieras Algirdas Budrys,Facebook
e75b1493-370e-4b7a-b0d7-66ecb13050a5,TS-LKD Jonavos skyrius,2023-02-21T10:53:17.216Z,1a8430e5-5049-4f3f-a4a3-a4b2b3fd9d48,TSLKD,Lithuania,lt,239177852936628,TS-LKD Jonavos skyrius,Facebook
7b7ea86c-ed04-4b86-8c67-7f0c49ed1f67,Audronė Kaupienė,2023-02-19T10:53:34.286Z,d1c03d5e-4bab-4cfc-85c7-b5ab5a393781,TSLKD,Lithuania,lt,105885725745934,Audronė Kaupienė,Facebook
35096544-655d-4f1c-b614-1627eb0a4c32,TS LKD Kaišiadorys,2023-02-24T10:53:22.978Z,24ca8ac3-4792-4ea3-bc41-6410c0ce41cc,TSLKD,Lithuania,lt,103076979382047,TS LKD Kaišiadorys,Facebook
ef5f84c9-6371-4523-a2ca-6a12a3b2921b,Imantas Umbražiūnas,2023-02-20T10:53:21.526Z,48fb82e3-f192-4075-8387-7ef088152067,TSLKD,Lithuania,lt,103407532663760,Imantas Umbražiūnas,Facebook
324b4b96-5d4e-46a8-9bfd-15b2151187c2,Vytenis Tomkus,2023-02-25T10:53:25.747Z,148936ac-01a9-4bb9-9ea2-e56b2318cdb2,TSLKD,Lithuania,lt,105222219106929,Vytenis Tomkus,Facebook
da54f7a6-d4c9-49c5-b645-42c93abb1f2b,Kazimieras Pranskus,2023-02-21T10:53:17.291Z,eecbfd61-0cf5-49e3-b0e0-f690cfd41a94,TSLKD,Lithuania,lt,117601207894453,Kazimieras Pranskus,Facebook
90ba5068-b77c-4d53-8bfb-64b7ea719129,Ts-LKD_Šakiai,2023-03-05T10:53:30.745Z,545be70d-83a5-44fc-9554-9117d6c12be8,TSLKD,Lithuania,lt,889024584549122,Ts-LKD_Šakiai,Facebook
40f0a21a-0f2a-48d0-b5ad-ea03b6a47c0c,TS-LKD Šiaulių skyrius,2023-02-17T10:53:09.543Z,3bf2a36c-b87d-43cf-95b3-5f2f9b02b1b6,TSLKD,Lithuania,lt,172763372791428,TS-LKD Šiaulių skyrius,Facebook
c264f6c6-ec70-4f37-83e3-757d1a7a3450,TS-LKD Alytaus rajono skyrius,2023-02-23T10:53:20.421Z,ff703e1c-e0e3-477b-9fe9-99a6ff19c849,TSLKD,Lithuania,lt,1437280373226968,TS-LKD Alytaus rajono skyrius,Facebook
f1bce8e5-e7d8-45c7-a425-5dbf08aae0d8,TS-LKD Kretinga,2023-02-20T10:53:21.436Z,3be3cc44-6db7-4f57-bf46-0bc40faeca42,TSLKD,Lithuania,lt,815276698523877,TS-LKD Kretinga,Facebook
920046e1-9ea0-4561-8fe6-91e2aab3114e,Tamulynas Povilas,2023-02-15T10:53:12.155Z,7e818c41-32a7-492b-8adf-deb9889abafb,TSLKD,Lithuania,lt,103945659230821,Tamulynas Povilas,Facebook
db12d02c-b44e-4ee9-8f0a-f88bd9634c66,LVŽS Panevėžio rajono skyrius,2023-02-17T10:53:09.472Z,4496bcf3-8aca-42b3-8d8b-6f12d23f36ed,LVZS,Lithuania,lt,106204152114843,LVŽS Panevėžio rajono skyrius,Facebook
4374534d-1911-4c4f-8de1-5a2a6f460b35,LVŽS Druskininkų skyrius,2023-03-07T10:53:17.859Z,6fe0642d-469a-40d3-8c43-7a996dfd642b,LVZS,Lithuania,lt,1533742990234139,LVŽS Druskininkų skyrius,Facebook
a4ccbd69-4563-45bb-aefa-3b40b303e42b,Alytaus rajono LVŽS skyrius,2023-03-05T10:53:30.911Z,0d4fe532-82c0-468d-ae1d-70ae01fcf0d3,LVZS,Lithuania,lt,109383752068684,Alytaus rajono LVŽS skyrius,Facebook
5b6bf190-dce6-4865-a4c6-e1e8fc0506dd,LVŽS Kupiškio skyrius,2023-03-04T10:53:28.754Z,2d0bb6a9-5ede-4fa6-b862-9f009dd1b206,LVZS,Lithuania,lt,122055364525182,LVŽS Kupiškio skyrius,Facebook
afb71347-2368-4f38-b2c2-8a13bf891a26,LSDP Kaišiadorių skyrius,2023-03-01T10:53:17.427Z,064b7975-5ae0-44ac-9226-ec816ef2aeeb,LSDP,Lithuania,lt,221061297940556,LSDP Kaišiadorių skyrius,Facebook
9f150e22-fd3a-40ab-a77d-002ed1883f49,Povilas Vadeika LSDP kandidatas Nr. 26 į Alytaus tarybą,2023-02-27T10:53:24.358Z,0a66b61a-29b5-4cc4-91ee-2f0035ee40fe,LSDP,Lithuania,lt,325619774292165,Povilas Vadeika LSDP kandidatas Nr. 26 į Alytaus tarybą,Facebook
346cc45e-a175-4757-964b-c98f94d05382,LVŽS Giedrius,2023-09-09T05:06:49.878Z,806ce7ca-9599-4138-9bde-4f8c8e479f6e,LVZS,Lithuania,lt,232853047075826,LVŽS Giedrius,Facebook
f8ce6cf2-6eaa-4ab2-8f49-394e24886354,LVŽS Kaunas,2023-02-19T10:53:34.221Z,9324dc12-361e-4529-bd06-dd954f215cc8,LVZS,Lithuania,lt,337391493109248,LVŽS Kaunas,Facebook
40691eb6-3c08-4839-afad-9455d092be9a,Marijampolės socialdemokratai,2023-02-19T10:53:34.199Z,f05f27ab-b5da-4120-9518-40950108de54,LSDP,Lithuania,lt,187376358082683,Marijampolės socialdemokratai,Facebook
ff8dbc50-a924-4146-8768-0e5e17458464,LSDP Kėdainių skyrius,2023-03-08T10:53:18.897Z,58df483d-e9d0-4f35-89a8-f87d9ea24e8a,LSDP,Lithuania,lt,1634957940119903,LSDP Kėdainių skyrius,Facebook
ad7a8d06-2f9b-489f-9575-91ebac499356,E wind,2023-02-07T15:05:01.932Z,957dcd20-07d4-4ca1-abe6-29f81e5d6c26,ZZZ,Lithuania,lt,102689805273715,E wind,Facebook
57e5ad65-b9cd-4594-a4b3-e29aaef3aa90,LSDP Klaipėdos skyrius,2023-02-19T10:53:34.132Z,ea0ede64-ba29-4d03-a75e-1123ae29cd97,LSDP,Lithuania,lt,116435934684716,LSDP Klaipėdos skyrius,Facebook
6021429f-4743-4deb-854b-cbe5b7d12a2b,Volvo Car Lietuva,2023-02-10T10:53:28.165Z,52aa07c1-554e-445d-9def-8c3e139bfc93,ZZZ,Lithuania,lt,580824415701148,Volvo Car Lietuva,Facebook
aac0cdab-5f7c-4bf9-bdab-412c4d7a79c5,Vilniaus šilumos tinklai,2023-02-14T10:53:21.431Z,d1bde026-b892-499c-a173-5962bb8bb9c6,ZZZ,Lithuania,lt,2080715188925902,Vilniaus šilumos tinklai,Facebook
9ba8819b-a458-403a-af67-753ced77e70f,Nogrid,2023-02-17T10:53:09.630Z,239fc00e-caba-4936-a05a-e947bc8dfeae,ZZZ,Lithuania,lt,1732022290384006,Nogrid,Facebook
338bd043-e571-427e-8378-025aad559738,Neste Lietuva,2023-02-19T10:53:34.090Z,15d389b1-c357-457c-9e86-0547ab7af9e0,ZZZ,Lithuania,lt,250653168401432,Neste Lietuva,Facebook
01e4f364-60ee-4814-be97-df418826c9d6,NC SOS Crisis Group,2023-07-19T06:07:14.017Z,880f6f17-c6bb-45e1-9e85-42b674ec0f5f,ZZZ,Lithuania,lt,113523201803187,NC SOS Crisis Group,Facebook
501f940e-0e5e-46ac-ab68-d37c4735d5ed,Nepatogus Kinas / Inconvenient Films,2023-08-25T05:06:37.642Z,15b9efcb-9bed-4f55-92fa-2f625a12ffec,ZZZ,Lithuania,lt,127419418941,Nepatogus Kinas / Inconvenient Films,Facebook
6d69e357-2d6c-470e-87b4-47b612997492,NOOR,2023-03-08T15:22:16.348Z,d165c7eb-8d67-42f6-bcfe-692834b8cc12,ZZZ,Lithuania,lt,109473431812545,NOOR,Facebook
340d22df-bec9-42e5-ad44-ff1b28feed98,Natura 2000 vertybės,2023-03-08T16:11:52.077Z,afac7e42-32b7-459d-a7da-5f854b1db6eb,ZZZ,Lithuania,lt,107058062186483,Natura 2000 vertybės,Facebook
dcec824d-95ae-45e9-911d-c2b4c0fd8f9f,Neverest Adventures / Keliautoju klubas Hihike,2023-03-08T16:11:52.056Z,f3393003-1deb-480e-a5c4-38263a4b8150,ZZZ,Lithuania,lt,295863130469916,Neverest Adventures / Keliautoju klubas Hihike,Facebook
70617f53-587c-455a-be8b-2e6e488214a9,Centric Care Lietuva,2023-03-13T10:53:04.930Z,848bff06-a0a7-4c69-979f-eaf143828e1d,ZZZ,Lithuania,lt,367538446704454,Centric Care Lietuva,Facebook
ad3ccced-1379-4251-b5c3-f628cf6a5e7a,Nord Solar Lietuva,2023-10-31T05:16:03.617Z,7be22c79-191b-49de-bd2c-d051b1df01a7,ZZZ,Lithuania,lt,113033241681023,Nord Solar Lietuva,Facebook
99b550ee-29b4-43dd-b30b-70c42a92f20a,Svetlana Batura Photography,2023-10-03T05:06:46.149Z,6253b516-ff9a-4810-b383-4ca6d20b6767,ZZZ,Lithuania,lt,252281750302,Svetlana Batura Photography,Facebook
403df5cb-1bcb-495e-9aa0-274fffb69616,Datacademy Lietuva,2023-03-12T10:53:16.860Z,e7f80a4c-d376-41f3-985c-8186e81df2a6,ZZZ,Lithuania,lt,111586408262615,Datacademy Lietuva,Facebook
ef383f76-cbd4-46c1-aea8-4faf38f52c4c,gydytoja_greta,2023-03-12T10:53:16.861Z,7350101a-d723-416d-bb40-832177a80e77,ZZZ,Lithuania,lt,112471124581537,gydytoja_greta,Facebook
7f4e8bc8-62ad-4412-a2f0-17b440566e5b,pabaisa_po_mano_lova,2023-03-15T10:53:27.354Z,a381743b-2ddc-449b-b228-986777151f14,ZZZ,Lithuania,lt,112827357167958,pabaisa_po_mano_lova,Facebook
831a1a57-5621-4d10-939f-c1d1eb6e6976,Nook Family,2023-06-27T06:57:05.414Z,41fcbf7a-a09c-4de1-8cf9-365344368d5c,ZZZ,Lithuania,lt,279561608828172,Nook Family,Facebook
ae912396-d39a-4bcc-a7fa-e0d0ebf062ff,ncsosorg,2023-07-04T06:16:18.946Z,ed812606-08a5-4960-9bb3-56212bcd791e,ZZZ,Lithuania,lt,120277484387820,ncsosorg,Facebook
